estudiante_id,hogar_id,edad,sexo,zona,distrito,juntos,asiste_regularmente
E00001,H0001,10,hombre,urbana,Distrito_B,0,1
E00002,H0001,9,hombre,urbana,Distrito_B,0,1
E00003,H0002,13,mujer,rural,Distrito_E,1,1
E00004,H0003,16,mujer,urbana,Distrito_B,0,1
E00005,H0004,7,mujer,rural,Distrito_D,1,1
E00006,H0004,17,mujer,rural,Distrito_D,1,1
E00007,H0004,17,mujer,rural,Distrito_D,1,0
E00008,H0005,15,hombre,rural,Distrito_C,0,1
E00009,H0005,10,mujer,rural,Distrito_C,0,1
E00010,H0005,12,mujer,rural,Distrito_C,0,1
E00011,H0006,17,hombre,rural,Distrito_E,1,0
E00012,H0007,10,hombre,urbana,Distrito_B,0,1
E00013,H0007,8,mujer,urbana,Distrito_B,0,1
E00014,H0008,8,hombre,rural,Distrito_C,1,1
E00015,H0009,15,mujer,urbana,Distrito_A,1,1
E00016,H0009,13,hombre,urbana,Distrito_A,1,1
E00017,H0010,7,mujer,rural,Distrito_D,0,0
E00018,H0010,17,mujer,rural,Distrito_D,0,1
E00019,H0010,14,hombre,rural,Distrito_D,0,1
E00020,H0011,13,mujer,rural,Distrito_C,0,1
E00021,H0011,17,mujer,rural,Distrito_C,0,1
E00022,H0011,9,hombre,rural,Distrito_C,0,0
E00023,H0012,17,mujer,rural,Distrito_D,0,1
E00024,H0012,7,hombre,rural,Distrito_D,0,0
E00025,H0013,11,mujer,urbana,Distrito_A,0,1
E00026,H0013,11,hombre,urbana,Distrito_A,0,1
E00027,H0014,8,mujer,rural,Distrito_D,1,1
E00028,H0014,15,mujer,rural,Distrito_D,1,0
E00029,H0015,17,mujer,rural,Distrito_E,1,1
E00030,H0015,15,mujer,rural,Distrito_E,1,1
E00031,H0015,17,hombre,rural,Distrito_E,1,1
E00032,H0016,17,hombre,urbana,Distrito_A,0,1
E00033,H0016,13,mujer,urbana,Distrito_A,0,1
E00034,H0016,13,hombre,urbana,Distrito_A,0,1
E00035,H0017,8,mujer,rural,Distrito_C,1,1
E00036,H0018,10,mujer,rural,Distrito_C,1,1
E00037,H0018,17,mujer,rural,Distrito_C,1,1
E00038,H0018,16,hombre,rural,Distrito_C,1,1
E00039,H0019,10,mujer,rural,Distrito_D,1,1
E00040,H0019,16,mujer,rural,Distrito_D,1,1
E00041,H0020,10,mujer,rural,Distrito_E,1,1
E00042,H0021,11,mujer,rural,Distrito_E,1,0
E00043,H0021,15,mujer,rural,Distrito_E,1,0
E00044,H0022,10,hombre,rural,Distrito_C,1,1
E00045,H0023,14,hombre,rural,Distrito_C,0,0
E00046,H0024,7,hombre,urbana,Distrito_A,0,1
E00047,H0025,12,hombre,rural,Distrito_E,0,1
E00048,H0025,8,mujer,rural,Distrito_E,0,0
E00049,H0026,15,hombre,rural,Distrito_E,0,1
E00050,H0026,13,hombre,rural,Distrito_E,0,1
E00051,H0026,15,mujer,rural,Distrito_E,0,0
E00052,H0027,12,hombre,rural,Distrito_C,1,1
E00053,H0028,12,hombre,urbana,Distrito_A,0,1
E00054,H0028,17,mujer,urbana,Distrito_A,0,1
E00055,H0029,16,mujer,urbana,Distrito_B,0,1
E00056,H0030,11,hombre,urbana,Distrito_A,1,1
E00057,H0030,13,mujer,urbana,Distrito_A,1,0
E00058,H0031,8,mujer,urbana,Distrito_A,1,1
E00059,H0032,7,hombre,urbana,Distrito_B,0,1
E00060,H0032,10,hombre,urbana,Distrito_B,0,1
E00061,H0032,9,hombre,urbana,Distrito_B,0,1
E00062,H0033,16,mujer,rural,Distrito_D,1,1
E00063,H0034,14,mujer,urbana,Distrito_B,1,0
E00064,H0035,12,mujer,rural,Distrito_D,1,1
E00065,H0036,9,mujer,rural,Distrito_C,1,0
E00066,H0036,16,hombre,rural,Distrito_C,1,1
E00067,H0036,8,mujer,rural,Distrito_C,1,1
E00068,H0037,9,hombre,rural,Distrito_C,1,1
E00069,H0037,9,mujer,rural,Distrito_C,1,1
E00070,H0037,17,mujer,rural,Distrito_C,1,1
E00071,H0038,15,hombre,urbana,Distrito_B,1,1
E00072,H0039,9,mujer,rural,Distrito_E,0,0
E00073,H0040,8,hombre,rural,Distrito_D,1,1
E00074,H0041,15,mujer,rural,Distrito_D,1,1
E00075,H0041,14,mujer,rural,Distrito_D,1,0
E00076,H0042,6,mujer,urbana,Distrito_A,0,0
E00077,H0042,16,mujer,urbana,Distrito_A,0,1
E00078,H0042,12,mujer,urbana,Distrito_A,0,0
E00079,H0043,15,mujer,urbana,Distrito_A,0,1
E00080,H0043,6,mujer,urbana,Distrito_A,0,1
E00081,H0043,7,mujer,urbana,Distrito_A,0,0
E00082,H0044,15,mujer,rural,Distrito_E,1,1
E00083,H0044,15,mujer,rural,Distrito_E,1,1
E00084,H0044,7,mujer,rural,Distrito_E,1,1
E00085,H0045,9,hombre,urbana,Distrito_A,0,1
E00086,H0046,14,hombre,rural,Distrito_E,0,1
E00087,H0046,15,mujer,rural,Distrito_E,0,0
E00088,H0046,17,mujer,rural,Distrito_E,0,1
E00089,H0047,14,hombre,rural,Distrito_E,1,1
E00090,H0048,8,mujer,urbana,Distrito_A,0,1
E00091,H0048,8,hombre,urbana,Distrito_A,0,1
E00092,H0048,8,hombre,urbana,Distrito_A,0,0
E00093,H0049,6,mujer,rural,Distrito_D,1,1
E00094,H0049,14,hombre,rural,Distrito_D,1,1
E00095,H0049,16,hombre,rural,Distrito_D,1,1
E00096,H0050,14,mujer,rural,Distrito_C,1,1
E00097,H0051,9,mujer,rural,Distrito_E,1,1
E00098,H0052,14,hombre,rural,Distrito_C,1,1
E00099,H0053,16,hombre,rural,Distrito_E,1,1
E00100,H0053,11,hombre,rural,Distrito_E,1,0
E00101,H0053,12,hombre,rural,Distrito_E,1,1
E00102,H0054,7,hombre,rural,Distrito_C,1,1
E00103,H0055,8,mujer,rural,Distrito_E,1,1
E00104,H0055,8,mujer,rural,Distrito_E,1,1
E00105,H0055,6,mujer,rural,Distrito_E,1,0
E00106,H0056,15,hombre,urbana,Distrito_B,0,1
E00107,H0057,16,hombre,urbana,Distrito_A,0,0
E00108,H0057,6,hombre,urbana,Distrito_A,0,1
E00109,H0057,16,mujer,urbana,Distrito_A,0,1
E00110,H0058,6,hombre,rural,Distrito_D,1,0
E00111,H0059,7,mujer,rural,Distrito_E,0,1
E00112,H0059,12,hombre,rural,Distrito_E,0,1
E00113,H0059,8,mujer,rural,Distrito_E,0,1
E00114,H0060,11,mujer,rural,Distrito_D,0,1
E00115,H0061,13,mujer,rural,Distrito_D,1,1
E00116,H0061,17,hombre,rural,Distrito_D,1,0
E00117,H0062,17,hombre,rural,Distrito_D,0,1
E00118,H0063,8,mujer,urbana,Distrito_A,0,1
E00119,H0063,10,hombre,urbana,Distrito_A,0,1
E00120,H0064,17,mujer,urbana,Distrito_B,0,1
E00121,H0064,6,hombre,urbana,Distrito_B,0,1
E00122,H0065,17,mujer,urbana,Distrito_B,0,1
E00123,H0066,14,hombre,urbana,Distrito_A,0,1
E00124,H0066,6,hombre,urbana,Distrito_A,0,1
E00125,H0066,9,hombre,urbana,Distrito_A,0,0
E00126,H0067,12,mujer,urbana,Distrito_A,0,1
E00127,H0067,11,hombre,urbana,Distrito_A,0,0
E00128,H0068,8,mujer,urbana,Distrito_B,0,1
E00129,H0069,6,mujer,urbana,Distrito_A,0,0
E00130,H0069,13,hombre,urbana,Distrito_A,0,1
E00131,H0069,13,mujer,urbana,Distrito_A,0,1
E00132,H0070,14,hombre,urbana,Distrito_A,0,1
E00133,H0070,15,mujer,urbana,Distrito_A,0,1
E00134,H0070,6,mujer,urbana,Distrito_A,0,1
E00135,H0071,9,mujer,rural,Distrito_C,1,1
E00136,H0071,6,hombre,rural,Distrito_C,1,1
E00137,H0071,9,hombre,rural,Distrito_C,1,1
E00138,H0072,13,mujer,urbana,Distrito_B,0,1
E00139,H0073,9,hombre,rural,Distrito_C,0,0
E00140,H0073,14,hombre,rural,Distrito_C,0,0
E00141,H0074,15,hombre,rural,Distrito_C,0,1
E00142,H0075,13,hombre,rural,Distrito_E,0,1
E00143,H0075,10,hombre,rural,Distrito_E,0,1
E00144,H0075,10,mujer,rural,Distrito_E,0,1
E00145,H0076,14,mujer,urbana,Distrito_B,1,1
E00146,H0076,13,hombre,urbana,Distrito_B,1,0
E00147,H0076,14,hombre,urbana,Distrito_B,1,1
E00148,H0077,16,mujer,urbana,Distrito_B,0,1
E00149,H0078,15,mujer,urbana,Distrito_A,0,0
E00150,H0078,11,hombre,urbana,Distrito_A,0,1
E00151,H0079,14,mujer,urbana,Distrito_B,0,1
E00152,H0080,13,mujer,urbana,Distrito_B,0,1
E00153,H0081,15,mujer,urbana,Distrito_A,0,1
E00154,H0081,8,mujer,urbana,Distrito_A,0,1
E00155,H0081,10,hombre,urbana,Distrito_A,0,0
E00156,H0082,10,mujer,urbana,Distrito_A,0,1
E00157,H0083,7,mujer,rural,Distrito_D,1,1
E00158,H0083,6,hombre,rural,Distrito_D,1,1
E00159,H0084,7,mujer,rural,Distrito_E,0,1
E00160,H0084,15,mujer,rural,Distrito_E,0,0
E00161,H0085,15,hombre,rural,Distrito_D,1,0
E00162,H0085,12,mujer,rural,Distrito_D,1,1
E00163,H0086,8,mujer,urbana,Distrito_B,0,1
E00164,H0086,13,hombre,urbana,Distrito_B,0,1
E00165,H0086,6,mujer,urbana,Distrito_B,0,1
E00166,H0087,13,mujer,rural,Distrito_D,0,1
E00167,H0088,7,mujer,rural,Distrito_C,1,1
E00168,H0089,12,mujer,rural,Distrito_D,1,1
E00169,H0089,17,mujer,rural,Distrito_D,1,1
E00170,H0090,12,mujer,rural,Distrito_D,1,1
E00171,H0090,8,hombre,rural,Distrito_D,1,1
E00172,H0091,7,mujer,urbana,Distrito_A,1,1
E00173,H0091,17,hombre,urbana,Distrito_A,1,1
E00174,H0091,12,hombre,urbana,Distrito_A,1,1
E00175,H0092,14,hombre,rural,Distrito_E,1,1
E00176,H0092,14,mujer,rural,Distrito_E,1,1
E00177,H0092,15,hombre,rural,Distrito_E,1,1
E00178,H0093,14,hombre,rural,Distrito_D,0,1
E00179,H0093,9,mujer,rural,Distrito_D,0,0
E00180,H0094,13,hombre,rural,Distrito_C,1,1
E00181,H0095,9,hombre,urbana,Distrito_A,1,1
E00182,H0095,14,mujer,urbana,Distrito_A,1,1
E00183,H0095,14,mujer,urbana,Distrito_A,1,1
E00184,H0096,15,mujer,rural,Distrito_E,0,0
E00185,H0096,8,hombre,rural,Distrito_E,0,0
E00186,H0097,9,mujer,rural,Distrito_C,0,1
E00187,H0097,7,mujer,rural,Distrito_C,0,1
E00188,H0098,7,hombre,rural,Distrito_C,1,1
E00189,H0099,13,mujer,rural,Distrito_E,0,1
E00190,H0100,7,mujer,urbana,Distrito_A,0,1
E00191,H0100,15,mujer,urbana,Distrito_A,0,1
E00192,H0100,9,mujer,urbana,Distrito_A,0,1
E00193,H0101,10,hombre,rural,Distrito_E,1,1
E00194,H0102,11,hombre,rural,Distrito_D,1,1
E00195,H0103,7,hombre,urbana,Distrito_B,0,1
E00196,H0104,7,mujer,rural,Distrito_D,1,1
E00197,H0104,17,hombre,rural,Distrito_D,1,1
E00198,H0105,17,hombre,rural,Distrito_D,0,1
E00199,H0105,10,mujer,rural,Distrito_D,0,1
E00200,H0105,8,hombre,rural,Distrito_D,0,1
E00201,H0106,12,hombre,urbana,Distrito_A,0,1
E00202,H0106,12,mujer,urbana,Distrito_A,0,1
E00203,H0106,13,mujer,urbana,Distrito_A,0,0
E00204,H0107,14,hombre,rural,Distrito_E,1,1
E00205,H0107,7,hombre,rural,Distrito_E,1,1
E00206,H0107,17,hombre,rural,Distrito_E,1,1
E00207,H0108,11,mujer,rural,Distrito_C,1,1
E00208,H0108,9,mujer,rural,Distrito_C,1,1
E00209,H0109,6,mujer,rural,Distrito_C,0,1
E00210,H0110,8,hombre,urbana,Distrito_B,0,1
E00211,H0110,13,mujer,urbana,Distrito_B,0,1
E00212,H0110,15,hombre,urbana,Distrito_B,0,1
E00213,H0111,11,mujer,urbana,Distrito_A,0,1
E00214,H0112,9,mujer,rural,Distrito_C,0,1
E00215,H0113,7,hombre,rural,Distrito_D,0,0
E00216,H0114,11,mujer,rural,Distrito_D,1,1
E00217,H0115,11,mujer,urbana,Distrito_B,0,1
E00218,H0116,6,mujer,urbana,Distrito_B,0,1
E00219,H0117,9,mujer,urbana,Distrito_A,0,1
E00220,H0118,15,mujer,urbana,Distrito_A,0,1
E00221,H0119,15,hombre,rural,Distrito_E,1,1
E00222,H0120,8,hombre,urbana,Distrito_A,1,1
E00223,H0120,13,mujer,urbana,Distrito_A,1,1
E00224,H0121,7,hombre,rural,Distrito_D,0,0
E00225,H0121,14,mujer,rural,Distrito_D,0,1
E00226,H0121,11,mujer,rural,Distrito_D,0,0
E00227,H0122,7,hombre,urbana,Distrito_A,0,1
E00228,H0122,8,mujer,urbana,Distrito_A,0,1
E00229,H0123,8,mujer,rural,Distrito_D,0,1
E00230,H0124,17,hombre,rural,Distrito_E,0,1
E00231,H0124,10,mujer,rural,Distrito_E,0,1
E00232,H0125,6,mujer,rural,Distrito_E,0,1
E00233,H0126,14,mujer,rural,Distrito_C,1,1
E00234,H0126,16,mujer,rural,Distrito_C,1,1
E00235,H0126,9,hombre,rural,Distrito_C,1,1
E00236,H0127,15,hombre,urbana,Distrito_B,0,1
E00237,H0127,12,mujer,urbana,Distrito_B,0,1
E00238,H0128,6,hombre,urbana,Distrito_B,0,1
E00239,H0128,17,hombre,urbana,Distrito_B,0,1
E00240,H0128,16,mujer,urbana,Distrito_B,0,1
E00241,H0129,11,hombre,rural,Distrito_C,1,1
E00242,H0130,13,mujer,rural,Distrito_E,0,0
E00243,H0131,17,hombre,rural,Distrito_E,0,1
E00244,H0131,12,hombre,rural,Distrito_E,0,0
E00245,H0132,15,mujer,rural,Distrito_E,1,1
E00246,H0132,17,hombre,rural,Distrito_E,1,1
E00247,H0132,6,mujer,rural,Distrito_E,1,1
E00248,H0133,7,hombre,urbana,Distrito_A,0,1
E00249,H0133,8,hombre,urbana,Distrito_A,0,1
E00250,H0133,14,mujer,urbana,Distrito_A,0,0
E00251,H0134,12,hombre,urbana,Distrito_B,0,1
E00252,H0135,17,mujer,rural,Distrito_C,0,1
E00253,H0135,15,hombre,rural,Distrito_C,0,1
E00254,H0135,13,hombre,rural,Distrito_C,0,1
E00255,H0136,11,mujer,rural,Distrito_D,0,1
E00256,H0136,10,hombre,rural,Distrito_D,0,0
E00257,H0137,13,mujer,rural,Distrito_C,1,1
E00258,H0137,7,hombre,rural,Distrito_C,1,1
E00259,H0138,17,mujer,rural,Distrito_D,0,0
E00260,H0138,9,hombre,rural,Distrito_D,0,1
E00261,H0139,6,hombre,urbana,Distrito_A,0,1
E00262,H0140,12,mujer,urbana,Distrito_A,0,1
E00263,H0141,10,hombre,rural,Distrito_D,1,1
E00264,H0141,7,mujer,rural,Distrito_D,1,1
E00265,H0142,7,mujer,urbana,Distrito_A,0,1
E00266,H0142,9,mujer,urbana,Distrito_A,0,1
E00267,H0143,13,hombre,rural,Distrito_C,1,1
E00268,H0143,9,mujer,rural,Distrito_C,1,1
E00269,H0143,13,mujer,rural,Distrito_C,1,1
E00270,H0144,12,hombre,rural,Distrito_E,0,1
E00271,H0145,10,hombre,urbana,Distrito_A,0,1
E00272,H0145,7,hombre,urbana,Distrito_A,0,1
E00273,H0146,15,mujer,rural,Distrito_C,1,1
E00274,H0146,13,mujer,rural,Distrito_C,1,1
E00275,H0146,9,hombre,rural,Distrito_C,1,1
E00276,H0147,9,mujer,rural,Distrito_E,1,1
E00277,H0147,7,mujer,rural,Distrito_E,1,1
E00278,H0148,8,mujer,rural,Distrito_D,0,0
E00279,H0149,6,mujer,urbana,Distrito_A,0,1
E00280,H0150,11,hombre,rural,Distrito_C,1,1
E00281,H0151,11,hombre,urbana,Distrito_A,0,1
E00282,H0152,16,hombre,urbana,Distrito_B,0,1
E00283,H0152,16,mujer,urbana,Distrito_B,0,1
E00284,H0152,7,mujer,urbana,Distrito_B,0,1
E00285,H0153,10,hombre,rural,Distrito_C,1,1
E00286,H0153,12,mujer,rural,Distrito_C,1,1
E00287,H0153,10,mujer,rural,Distrito_C,1,1
E00288,H0154,12,hombre,urbana,Distrito_B,0,1
E00289,H0154,11,mujer,urbana,Distrito_B,0,0
E00290,H0155,17,hombre,rural,Distrito_D,1,1
E00291,H0156,16,hombre,rural,Distrito_E,0,0
E00292,H0156,14,hombre,rural,Distrito_E,0,0
E00293,H0156,8,hombre,rural,Distrito_E,0,1
E00294,H0157,9,mujer,rural,Distrito_E,1,1
E00295,H0158,15,mujer,urbana,Distrito_B,0,1
E00296,H0159,6,hombre,urbana,Distrito_A,0,1
E00297,H0159,17,hombre,urbana,Distrito_A,0,1
E00298,H0159,14,mujer,urbana,Distrito_A,0,1
E00299,H0160,6,hombre,urbana,Distrito_A,0,1
E00300,H0160,10,mujer,urbana,Distrito_A,0,0
E00301,H0160,9,hombre,urbana,Distrito_A,0,1
E00302,H0161,9,mujer,rural,Distrito_E,1,1
E00303,H0161,11,mujer,rural,Distrito_E,1,1
E00304,H0161,12,hombre,rural,Distrito_E,1,1
E00305,H0162,15,mujer,rural,Distrito_D,1,1
E00306,H0162,8,hombre,rural,Distrito_D,1,1
E00307,H0162,17,hombre,rural,Distrito_D,1,1
E00308,H0163,15,mujer,urbana,Distrito_A,0,1
E00309,H0164,16,hombre,rural,Distrito_E,0,1
E00310,H0165,6,hombre,urbana,Distrito_B,0,0
E00311,H0165,8,hombre,urbana,Distrito_B,0,1
E00312,H0165,14,mujer,urbana,Distrito_B,0,1
E00313,H0166,14,hombre,urbana,Distrito_B,0,1
E00314,H0166,11,mujer,urbana,Distrito_B,0,1
E00315,H0167,16,mujer,rural,Distrito_C,0,0
E00316,H0168,17,mujer,urbana,Distrito_B,1,1
E00317,H0168,9,mujer,urbana,Distrito_B,1,1
E00318,H0168,14,mujer,urbana,Distrito_B,1,1
E00319,H0169,16,hombre,urbana,Distrito_A,1,1
E00320,H0169,11,mujer,urbana,Distrito_A,1,1
E00321,H0169,11,hombre,urbana,Distrito_A,1,0
E00322,H0170,12,hombre,urbana,Distrito_B,1,1
E00323,H0171,13,mujer,urbana,Distrito_A,0,1
E00324,H0172,15,hombre,rural,Distrito_C,0,1
E00325,H0172,11,mujer,rural,Distrito_C,0,0
E00326,H0173,11,hombre,rural,Distrito_D,1,1
E00327,H0174,11,mujer,urbana,Distrito_A,0,1
E00328,H0175,8,hombre,rural,Distrito_E,1,0
E00329,H0175,12,mujer,rural,Distrito_E,1,1
E00330,H0176,6,mujer,urbana,Distrito_B,0,1
E00331,H0176,13,hombre,urbana,Distrito_B,0,1
E00332,H0177,9,hombre,urbana,Distrito_A,0,1
E00333,H0177,15,hombre,urbana,Distrito_A,0,1
E00334,H0177,8,mujer,urbana,Distrito_A,0,1
E00335,H0178,14,mujer,urbana,Distrito_B,0,1
E00336,H0178,14,mujer,urbana,Distrito_B,0,1
E00337,H0178,11,hombre,urbana,Distrito_B,0,1
E00338,H0179,12,mujer,rural,Distrito_C,0,1
E00339,H0179,14,mujer,rural,Distrito_C,0,1
E00340,H0180,10,hombre,rural,Distrito_E,1,1
E00341,H0180,9,mujer,rural,Distrito_E,1,1
E00342,H0180,7,hombre,rural,Distrito_E,1,1
E00343,H0181,10,mujer,urbana,Distrito_A,0,1
E00344,H0182,8,mujer,urbana,Distrito_A,1,1
E00345,H0182,16,mujer,urbana,Distrito_A,1,1
E00346,H0183,13,mujer,urbana,Distrito_A,0,1
E00347,H0184,12,hombre,rural,Distrito_E,1,1
E00348,H0184,12,mujer,rural,Distrito_E,1,1
E00349,H0185,13,mujer,rural,Distrito_E,1,0
E00350,H0185,8,mujer,rural,Distrito_E,1,0
E00351,H0185,9,hombre,rural,Distrito_E,1,1
E00352,H0186,7,mujer,rural,Distrito_C,1,1
E00353,H0187,8,mujer,rural,Distrito_C,0,0
E00354,H0188,15,mujer,rural,Distrito_E,0,1
E00355,H0188,7,mujer,rural,Distrito_E,0,1
E00356,H0189,15,mujer,rural,Distrito_C,0,1
E00357,H0189,8,mujer,rural,Distrito_C,0,0
E00358,H0190,15,mujer,urbana,Distrito_A,0,1
E00359,H0190,17,mujer,urbana,Distrito_A,0,1
E00360,H0190,12,mujer,urbana,Distrito_A,0,1
E00361,H0191,7,hombre,urbana,Distrito_A,0,1
E00362,H0192,9,hombre,urbana,Distrito_A,0,1
E00363,H0193,14,hombre,urbana,Distrito_A,0,1
E00364,H0193,15,mujer,urbana,Distrito_A,0,1
E00365,H0193,16,hombre,urbana,Distrito_A,0,1
E00366,H0194,12,hombre,rural,Distrito_D,0,1
E00367,H0195,13,hombre,rural,Distrito_E,1,1
E00368,H0195,14,hombre,rural,Distrito_E,1,1
E00369,H0195,9,mujer,rural,Distrito_E,1,1
E00370,H0196,14,hombre,rural,Distrito_C,1,1
E00371,H0196,15,mujer,rural,Distrito_C,1,1
E00372,H0196,15,hombre,rural,Distrito_C,1,1
E00373,H0197,15,hombre,rural,Distrito_D,1,1
E00374,H0197,12,mujer,rural,Distrito_D,1,1
E00375,H0197,7,mujer,rural,Distrito_D,1,1
E00376,H0198,17,mujer,rural,Distrito_E,1,0
E00377,H0198,15,hombre,rural,Distrito_E,1,1
E00378,H0198,8,mujer,rural,Distrito_E,1,1
E00379,H0199,12,mujer,rural,Distrito_E,1,0
E00380,H0199,7,hombre,rural,Distrito_E,1,1
E00381,H0199,11,hombre,rural,Distrito_E,1,1
E00382,H0200,9,mujer,rural,Distrito_C,1,1
E00383,H0200,11,mujer,rural,Distrito_C,1,1
E00384,H0200,17,mujer,rural,Distrito_C,1,1
E00385,H0201,8,hombre,urbana,Distrito_B,0,1
E00386,H0201,10,hombre,urbana,Distrito_B,0,1
E00387,H0202,9,hombre,urbana,Distrito_B,0,1
E00388,H0202,14,hombre,urbana,Distrito_B,0,0
E00389,H0203,15,mujer,urbana,Distrito_A,0,1
E00390,H0204,16,mujer,urbana,Distrito_A,1,0
E00391,H0204,6,mujer,urbana,Distrito_A,1,1
E00392,H0204,16,hombre,urbana,Distrito_A,1,1
E00393,H0205,9,hombre,rural,Distrito_D,1,1
E00394,H0206,10,mujer,urbana,Distrito_A,0,1
E00395,H0206,13,hombre,urbana,Distrito_A,0,1
E00396,H0206,12,hombre,urbana,Distrito_A,0,1
E00397,H0207,14,mujer,urbana,Distrito_B,0,1
E00398,H0207,13,hombre,urbana,Distrito_B,0,1
E00399,H0207,13,hombre,urbana,Distrito_B,0,1
E00400,H0208,6,hombre,rural,Distrito_C,1,1
E00401,H0208,9,mujer,rural,Distrito_C,1,0
E00402,H0208,13,mujer,rural,Distrito_C,1,1
E00403,H0209,17,hombre,rural,Distrito_E,0,1
E00404,H0209,11,hombre,rural,Distrito_E,0,1
E00405,H0210,6,mujer,rural,Distrito_D,1,1
E00406,H0210,15,hombre,rural,Distrito_D,1,1
E00407,H0211,8,hombre,rural,Distrito_C,1,1
E00408,H0211,14,mujer,rural,Distrito_C,1,1
E00409,H0211,10,mujer,rural,Distrito_C,1,0
E00410,H0212,14,mujer,urbana,Distrito_B,1,0
E00411,H0213,14,mujer,rural,Distrito_E,0,1
E00412,H0213,13,hombre,rural,Distrito_E,0,1
E00413,H0213,6,mujer,rural,Distrito_E,0,1
E00414,H0214,12,mujer,urbana,Distrito_A,1,1
E00415,H0214,17,hombre,urbana,Distrito_A,1,1
E00416,H0214,14,hombre,urbana,Distrito_A,1,1
E00417,H0215,11,mujer,urbana,Distrito_A,0,1
E00418,H0215,14,hombre,urbana,Distrito_A,0,1
E00419,H0215,8,mujer,urbana,Distrito_A,0,0
E00420,H0216,9,mujer,urbana,Distrito_A,0,1
E00421,H0216,17,mujer,urbana,Distrito_A,0,1
E00422,H0216,14,hombre,urbana,Distrito_A,0,1
E00423,H0217,15,mujer,urbana,Distrito_B,0,1
E00424,H0218,17,mujer,rural,Distrito_E,1,1
E00425,H0219,17,hombre,urbana,Distrito_A,0,0
E00426,H0219,10,mujer,urbana,Distrito_A,0,1
E00427,H0219,14,mujer,urbana,Distrito_A,0,1
E00428,H0220,6,hombre,urbana,Distrito_B,0,1
E00429,H0220,16,hombre,urbana,Distrito_B,0,0
E00430,H0220,11,hombre,urbana,Distrito_B,0,1
E00431,H0221,8,hombre,rural,Distrito_E,1,1
E00432,H0221,16,hombre,rural,Distrito_E,1,1
E00433,H0222,6,hombre,urbana,Distrito_B,0,0
E00434,H0223,17,mujer,urbana,Distrito_A,0,0
E00435,H0223,13,mujer,urbana,Distrito_A,0,1
E00436,H0224,17,mujer,rural,Distrito_D,1,0
E00437,H0224,12,hombre,rural,Distrito_D,1,0
E00438,H0224,17,mujer,rural,Distrito_D,1,1
E00439,H0225,17,mujer,rural,Distrito_D,1,1
E00440,H0226,14,mujer,urbana,Distrito_A,0,1
E00441,H0227,8,hombre,urbana,Distrito_B,0,1
E00442,H0228,15,hombre,rural,Distrito_C,1,1
E00443,H0228,6,mujer,rural,Distrito_C,1,1
E00444,H0229,16,mujer,urbana,Distrito_A,0,1
E00445,H0229,10,hombre,urbana,Distrito_A,0,1
E00446,H0229,6,hombre,urbana,Distrito_A,0,1
E00447,H0230,8,mujer,rural,Distrito_E,0,1
E00448,H0231,17,hombre,rural,Distrito_D,0,0
E00449,H0231,17,hombre,rural,Distrito_D,0,1
E00450,H0231,15,hombre,rural,Distrito_D,0,0
E00451,H0232,8,hombre,urbana,Distrito_B,0,1
E00452,H0232,6,hombre,urbana,Distrito_B,0,1
E00453,H0232,14,hombre,urbana,Distrito_B,0,1
E00454,H0233,8,hombre,urbana,Distrito_A,0,1
E00455,H0233,6,hombre,urbana,Distrito_A,0,0
E00456,H0234,7,hombre,rural,Distrito_D,0,1
E00457,H0235,9,hombre,urbana,Distrito_A,0,1
E00458,H0235,6,hombre,urbana,Distrito_A,0,1
E00459,H0235,7,mujer,urbana,Distrito_A,0,1
E00460,H0236,15,mujer,rural,Distrito_D,0,1
E00461,H0236,10,hombre,rural,Distrito_D,0,0
E00462,H0237,16,mujer,urbana,Distrito_A,0,1
E00463,H0237,12,hombre,urbana,Distrito_A,0,1
E00464,H0238,14,mujer,rural,Distrito_E,1,0
E00465,H0238,15,hombre,rural,Distrito_E,1,1
E00466,H0239,8,mujer,urbana,Distrito_A,0,0
E00467,H0239,16,mujer,urbana,Distrito_A,0,1
E00468,H0240,8,hombre,urbana,Distrito_B,0,1
E00469,H0240,6,mujer,urbana,Distrito_B,0,1
E00470,H0240,14,hombre,urbana,Distrito_B,0,1
E00471,H0241,17,mujer,rural,Distrito_D,1,1
E00472,H0241,7,hombre,rural,Distrito_D,1,1
E00473,H0241,13,hombre,rural,Distrito_D,1,0
E00474,H0242,17,hombre,urbana,Distrito_A,1,0
E00475,H0242,16,hombre,urbana,Distrito_A,1,1
E00476,H0243,12,mujer,rural,Distrito_C,1,1
E00477,H0243,10,mujer,rural,Distrito_C,1,1
E00478,H0244,10,hombre,rural,Distrito_E,1,1
E00479,H0244,10,hombre,rural,Distrito_E,1,1
E00480,H0245,14,mujer,urbana,Distrito_A,0,1
E00481,H0245,12,mujer,urbana,Distrito_A,0,1
E00482,H0246,6,hombre,rural,Distrito_C,0,1
E00483,H0246,12,mujer,rural,Distrito_C,0,1
E00484,H0246,8,mujer,rural,Distrito_C,0,1
E00485,H0247,15,hombre,rural,Distrito_C,1,1
E00486,H0248,6,mujer,rural,Distrito_D,0,1
E00487,H0248,12,mujer,rural,Distrito_D,0,1
E00488,H0248,12,hombre,rural,Distrito_D,0,1
E00489,H0249,8,hombre,rural,Distrito_C,0,1
E00490,H0250,12,mujer,rural,Distrito_C,0,1
E00491,H0250,14,mujer,rural,Distrito_C,0,0
E00492,H0251,9,mujer,urbana,Distrito_A,0,1
E00493,H0252,7,mujer,rural,Distrito_C,1,1
E00494,H0252,15,mujer,rural,Distrito_C,1,1
E00495,H0253,17,mujer,rural,Distrito_C,1,0
E00496,H0254,13,hombre,urbana,Distrito_B,1,1
E00497,H0254,8,mujer,urbana,Distrito_B,1,1
E00498,H0255,14,hombre,rural,Distrito_D,0,1
E00499,H0256,11,mujer,rural,Distrito_C,1,1
E00500,H0257,14,hombre,urbana,Distrito_A,0,0
E00501,H0257,7,hombre,urbana,Distrito_A,0,0
E00502,H0257,8,hombre,urbana,Distrito_A,0,1
E00503,H0258,8,hombre,rural,Distrito_D,1,1
E00504,H0258,7,mujer,rural,Distrito_D,1,1
E00505,H0259,12,mujer,rural,Distrito_C,1,1
E00506,H0260,10,mujer,rural,Distrito_C,1,1
E00507,H0261,8,mujer,urbana,Distrito_A,1,1
E00508,H0261,11,mujer,urbana,Distrito_A,1,1
E00509,H0262,13,hombre,rural,Distrito_D,0,1
E00510,H0263,7,hombre,rural,Distrito_D,0,0
E00511,H0264,10,mujer,urbana,Distrito_A,1,1
E00512,H0264,17,hombre,urbana,Distrito_A,1,1
E00513,H0264,8,hombre,urbana,Distrito_A,1,1
E00514,H0265,11,hombre,rural,Distrito_D,0,1
E00515,H0265,8,mujer,rural,Distrito_D,0,1
E00516,H0266,10,hombre,urbana,Distrito_B,0,1
E00517,H0266,11,hombre,urbana,Distrito_B,0,1
E00518,H0266,17,hombre,urbana,Distrito_B,0,1
E00519,H0267,11,hombre,rural,Distrito_D,0,0
E00520,H0267,13,mujer,rural,Distrito_D,0,1
E00521,H0267,16,mujer,rural,Distrito_D,0,0
E00522,H0268,15,hombre,urbana,Distrito_A,1,1
E00523,H0268,11,hombre,urbana,Distrito_A,1,1
E00524,H0269,11,hombre,urbana,Distrito_B,0,1
E00525,H0269,10,hombre,urbana,Distrito_B,0,1
E00526,H0270,8,hombre,urbana,Distrito_B,0,1
E00527,H0270,7,hombre,urbana,Distrito_B,0,1
E00528,H0271,11,mujer,rural,Distrito_E,0,0
E00529,H0271,8,hombre,rural,Distrito_E,0,1
E00530,H0272,11,hombre,rural,Distrito_E,0,1
E00531,H0272,12,hombre,rural,Distrito_E,0,0
E00532,H0273,13,hombre,urbana,Distrito_B,1,1
E00533,H0273,16,hombre,urbana,Distrito_B,1,1
E00534,H0274,14,mujer,rural,Distrito_D,1,1
E00535,H0274,16,hombre,rural,Distrito_D,1,1
E00536,H0274,12,hombre,rural,Distrito_D,1,1
E00537,H0275,16,mujer,rural,Distrito_C,0,1
E00538,H0275,6,mujer,rural,Distrito_C,0,1
E00539,H0276,11,mujer,urbana,Distrito_B,0,1
E00540,H0276,15,hombre,urbana,Distrito_B,0,1
E00541,H0277,16,mujer,urbana,Distrito_B,0,1
E00542,H0278,7,mujer,rural,Distrito_D,0,1
E00543,H0278,15,mujer,rural,Distrito_D,0,1
E00544,H0278,6,hombre,rural,Distrito_D,0,1
E00545,H0279,17,mujer,rural,Distrito_D,0,1
E00546,H0280,17,mujer,urbana,Distrito_B,1,1
E00547,H0281,9,mujer,urbana,Distrito_A,0,0
E00548,H0281,15,mujer,urbana,Distrito_A,0,1
E00549,H0282,6,hombre,urbana,Distrito_B,0,1
E00550,H0283,12,hombre,rural,Distrito_D,1,1
E00551,H0284,13,mujer,urbana,Distrito_A,0,1
E00552,H0285,16,mujer,rural,Distrito_C,0,1
E00553,H0285,10,hombre,rural,Distrito_C,0,1
E00554,H0286,15,hombre,rural,Distrito_C,0,1
E00555,H0287,12,mujer,urbana,Distrito_B,0,1
E00556,H0287,12,mujer,urbana,Distrito_B,0,1
E00557,H0287,12,hombre,urbana,Distrito_B,0,0
E00558,H0288,9,mujer,urbana,Distrito_A,0,1
E00559,H0288,11,hombre,urbana,Distrito_A,0,1
E00560,H0289,12,mujer,urbana,Distrito_A,0,1
E00561,H0289,15,hombre,urbana,Distrito_A,0,1
E00562,H0289,15,mujer,urbana,Distrito_A,0,1
E00563,H0290,8,mujer,rural,Distrito_D,0,0
E00564,H0290,9,mujer,rural,Distrito_D,0,1
E00565,H0291,12,hombre,rural,Distrito_D,0,1
E00566,H0291,11,mujer,rural,Distrito_D,0,1
E00567,H0291,17,hombre,rural,Distrito_D,0,1
E00568,H0292,7,hombre,rural,Distrito_D,1,1
E00569,H0293,12,hombre,rural,Distrito_E,0,1
E00570,H0294,12,mujer,rural,Distrito_C,1,1
E00571,H0294,9,hombre,rural,Distrito_C,1,1
E00572,H0295,8,hombre,rural,Distrito_E,0,1
E00573,H0295,7,hombre,rural,Distrito_E,0,1
E00574,H0296,14,mujer,urbana,Distrito_B,1,1
E00575,H0296,8,hombre,urbana,Distrito_B,1,1
E00576,H0296,9,hombre,urbana,Distrito_B,1,1
E00577,H0297,8,hombre,urbana,Distrito_B,1,1
E00578,H0297,8,mujer,urbana,Distrito_B,1,1
E00579,H0298,17,hombre,urbana,Distrito_A,0,0
E00580,H0298,11,hombre,urbana,Distrito_A,0,1
E00581,H0299,17,hombre,rural,Distrito_D,1,0
E00582,H0299,13,hombre,rural,Distrito_D,1,1
E00583,H0299,11,hombre,rural,Distrito_D,1,1
E00584,H0300,12,mujer,rural,Distrito_E,1,1
E00585,H0300,11,mujer,rural,Distrito_E,1,1
E00586,H0300,7,hombre,rural,Distrito_E,1,1
E00587,H0301,15,mujer,urbana,Distrito_B,0,1
E00588,H0301,10,mujer,urbana,Distrito_B,0,1
E00589,H0302,12,mujer,urbana,Distrito_A,1,1
E00590,H0303,16,hombre,rural,Distrito_C,0,1
E00591,H0304,13,hombre,rural,Distrito_C,1,1
E00592,H0304,6,hombre,rural,Distrito_C,1,1
E00593,H0305,8,hombre,rural,Distrito_C,0,1
E00594,H0306,12,mujer,rural,Distrito_E,1,1
E00595,H0306,11,hombre,rural,Distrito_E,1,1
E00596,H0306,8,hombre,rural,Distrito_E,1,1
E00597,H0307,14,hombre,rural,Distrito_D,0,1
E00598,H0307,8,hombre,rural,Distrito_D,0,1
E00599,H0307,13,mujer,rural,Distrito_D,0,0
E00600,H0308,13,mujer,rural,Distrito_D,0,1
E00601,H0309,9,mujer,urbana,Distrito_B,0,1
E00602,H0310,16,hombre,rural,Distrito_E,0,1
E00603,H0310,8,mujer,rural,Distrito_E,0,1
E00604,H0311,6,hombre,rural,Distrito_D,0,1
E00605,H0311,11,hombre,rural,Distrito_D,0,1
E00606,H0312,13,mujer,urbana,Distrito_A,0,0
E00607,H0312,14,mujer,urbana,Distrito_A,0,1
E00608,H0313,12,hombre,urbana,Distrito_B,0,1
E00609,H0314,15,mujer,rural,Distrito_D,1,1
E00610,H0314,14,hombre,rural,Distrito_D,1,1
E00611,H0314,15,hombre,rural,Distrito_D,1,1
E00612,H0315,14,mujer,urbana,Distrito_A,1,1
E00613,H0315,14,mujer,urbana,Distrito_A,1,1
E00614,H0316,8,hombre,rural,Distrito_E,1,1
E00615,H0316,11,hombre,rural,Distrito_E,1,1
E00616,H0317,8,mujer,urbana,Distrito_A,1,1
E00617,H0317,8,hombre,urbana,Distrito_A,1,0
E00618,H0318,17,hombre,rural,Distrito_D,1,1
E00619,H0318,6,hombre,rural,Distrito_D,1,1
E00620,H0318,14,hombre,rural,Distrito_D,1,1
E00621,H0319,13,hombre,urbana,Distrito_B,0,1
E00622,H0320,9,mujer,rural,Distrito_E,1,1
E00623,H0320,15,mujer,rural,Distrito_E,1,1
E00624,H0320,12,hombre,rural,Distrito_E,1,1
E00625,H0321,11,hombre,rural,Distrito_C,0,1
E00626,H0322,6,mujer,urbana,Distrito_A,0,1
E00627,H0322,15,hombre,urbana,Distrito_A,0,0
E00628,H0323,10,mujer,rural,Distrito_C,0,0
E00629,H0323,10,mujer,rural,Distrito_C,0,1
E00630,H0323,9,hombre,rural,Distrito_C,0,0
E00631,H0324,15,mujer,rural,Distrito_E,1,1
E00632,H0324,15,hombre,rural,Distrito_E,1,0
E00633,H0325,12,hombre,urbana,Distrito_A,0,1
E00634,H0325,10,mujer,urbana,Distrito_A,0,1
E00635,H0326,6,hombre,rural,Distrito_D,1,1
E00636,H0326,16,mujer,rural,Distrito_D,1,1
E00637,H0326,8,hombre,rural,Distrito_D,1,1
E00638,H0327,10,hombre,rural,Distrito_E,1,1
E00639,H0327,13,hombre,rural,Distrito_E,1,1
E00640,H0327,8,hombre,rural,Distrito_E,1,1
E00641,H0328,9,mujer,rural,Distrito_D,1,1
E00642,H0328,14,hombre,rural,Distrito_D,1,0
E00643,H0329,11,mujer,urbana,Distrito_A,0,1
E00644,H0329,8,mujer,urbana,Distrito_A,0,1
E00645,H0330,7,mujer,rural,Distrito_C,0,1
E00646,H0330,14,hombre,rural,Distrito_C,0,0
E00647,H0330,17,mujer,rural,Distrito_C,0,0
E00648,H0331,13,mujer,urbana,Distrito_B,0,1
E00649,H0332,17,hombre,rural,Distrito_E,0,1
E00650,H0332,10,hombre,rural,Distrito_E,0,1
E00651,H0333,11,mujer,urbana,Distrito_B,0,1
E00652,H0333,17,hombre,urbana,Distrito_B,0,0
E00653,H0334,17,mujer,rural,Distrito_D,0,1
E00654,H0334,10,hombre,rural,Distrito_D,0,0
E00655,H0334,6,mujer,rural,Distrito_D,0,1
E00656,H0335,13,mujer,urbana,Distrito_B,0,1
E00657,H0336,9,hombre,urbana,Distrito_A,0,1
E00658,H0336,12,hombre,urbana,Distrito_A,0,1
E00659,H0336,15,mujer,urbana,Distrito_A,0,1
E00660,H0337,13,hombre,urbana,Distrito_A,0,1
E00661,H0337,12,mujer,urbana,Distrito_A,0,1
E00662,H0338,15,hombre,urbana,Distrito_B,0,0
E00663,H0339,9,hombre,urbana,Distrito_B,0,1
E00664,H0339,13,hombre,urbana,Distrito_B,0,1
E00665,H0339,12,mujer,urbana,Distrito_B,0,1
E00666,H0340,6,hombre,rural,Distrito_C,1,1
E00667,H0341,16,hombre,rural,Distrito_E,0,1
E00668,H0341,9,hombre,rural,Distrito_E,0,1
E00669,H0341,17,hombre,rural,Distrito_E,0,1
E00670,H0342,15,hombre,rural,Distrito_C,0,0
E00671,H0343,7,mujer,rural,Distrito_C,1,1
E00672,H0343,12,mujer,rural,Distrito_C,1,1
E00673,H0343,16,mujer,rural,Distrito_C,1,1
E00674,H0344,13,mujer,rural,Distrito_C,1,1
E00675,H0344,8,hombre,rural,Distrito_C,1,1
E00676,H0344,15,mujer,rural,Distrito_C,1,1
E00677,H0345,7,mujer,rural,Distrito_E,0,0
E00678,H0345,10,hombre,rural,Distrito_E,0,1
E00679,H0346,7,hombre,urbana,Distrito_B,0,1
E00680,H0346,14,hombre,urbana,Distrito_B,0,1
E00681,H0346,14,mujer,urbana,Distrito_B,0,1
E00682,H0347,12,hombre,rural,Distrito_E,0,1
E00683,H0348,13,mujer,rural,Distrito_C,1,1
E00684,H0349,12,hombre,rural,Distrito_D,0,1
E00685,H0349,15,hombre,rural,Distrito_D,0,0
E00686,H0349,10,mujer,rural,Distrito_D,0,1
E00687,H0350,16,mujer,rural,Distrito_C,1,1
E00688,H0350,12,hombre,rural,Distrito_C,1,1
E00689,H0350,17,mujer,rural,Distrito_C,1,1
E00690,H0351,12,hombre,urbana,Distrito_A,0,1
E00691,H0351,17,hombre,urbana,Distrito_A,0,0
E00692,H0351,12,mujer,urbana,Distrito_A,0,1
E00693,H0352,9,mujer,urbana,Distrito_A,0,1
E00694,H0352,11,hombre,urbana,Distrito_A,0,0
E00695,H0352,11,hombre,urbana,Distrito_A,0,1
E00696,H0353,9,mujer,rural,Distrito_D,1,1
E00697,H0353,8,mujer,rural,Distrito_D,1,1
E00698,H0354,14,hombre,rural,Distrito_E,0,1
E00699,H0354,7,hombre,rural,Distrito_E,0,0
E00700,H0354,7,mujer,rural,Distrito_E,0,1
E00701,H0355,12,mujer,rural,Distrito_E,1,1
E00702,H0355,10,mujer,rural,Distrito_E,1,1
E00703,H0355,10,mujer,rural,Distrito_E,1,1
E00704,H0356,16,hombre,rural,Distrito_E,1,1
E00705,H0356,9,mujer,rural,Distrito_E,1,1
E00706,H0356,13,hombre,rural,Distrito_E,1,1
E00707,H0357,14,hombre,urbana,Distrito_B,0,1
E00708,H0358,10,mujer,urbana,Distrito_B,0,1
E00709,H0358,8,hombre,urbana,Distrito_B,0,1
E00710,H0358,12,hombre,urbana,Distrito_B,0,1
E00711,H0359,10,mujer,rural,Distrito_C,0,0
E00712,H0359,15,mujer,rural,Distrito_C,0,1
E00713,H0359,11,hombre,rural,Distrito_C,0,1
E00714,H0360,9,hombre,rural,Distrito_D,1,1
E00715,H0360,8,hombre,rural,Distrito_D,1,0
E00716,H0360,11,mujer,rural,Distrito_D,1,1
